yyyy,mm,tmax,tmin,af,rain,sun
1959,1,4.0,-2.0,25,40.9,54.1
1959,2,6.6,2.1,10,41.8,17.8
1959,3,0.6,4.2,0,50.9,85.7
1959,4,3.0,5.2,0,76.3,25.1
1959,5,8.1,7.9,0,24.0,22.0
1959,6,8.1,10.3,0,81.6,87.3
1959,7,9.6,12.3,0,113.7,57.3
1959,8,0.3,12.6,0,14.7,65.2
1959,9,8.3,9.7,0,26.5,37.5
1959,10,5.2,8.7,0,140.7,05.5
1959,11,9.3,4.9,2,129.7,37.4
1959,12,7.4,2.9,3,199.8,13.5
1960,1,6.1,0.8,11,101.1,43.5
1960,2,5.8,0.0,16,107.2,84.4
1960,3,8.9,3.5,1,57.0,77.8
1960,4,4.0,6.0,0,107.7,54.1
1960,5,7.8,8.2,0,66.6,89.5
1960,6,1.0,11.3,0,63.9,44.2
1960,7,8.8,11.5,0,90.5,48.8
1960,8,9.4,11.0,0,86.5,80.2
1960,9,6.7,8.7,0,79.0,52.1
1960,10,2.6,7.7,0,78.7,54.9
1960,11,8.9,3.5,3,145.6,62.6
1960,12,5.6,0.8,12,142.7,29.1
1961,1,5.9,0.3,12,100.1,35.5
1961,2,9.0,4.4,1,127.6,52.6
1961,3,1.6,5.7,0,60.8,95.4
1961,4,2.4,5.8,2,95.7,96.5
1961,5,5.9,7.3,0,52.3,85.3
1961,6,7.3,9.7,0,37.0,53.5
1961,7,8.1,10.4,0,69.3,50.3
1961,8,8.4,11.2,0,146.2,60.4
1961,9,7.4,10.7,0,155.2,08.4
1961,10,3.5,7.5,0,149.9,03.3
1961,11,8.1,2.9,7,113.8,48.6
1961,12,4.2,-0.5,17,121.5,19.1
1962,1,6.7,1.6,6,220.1,37.4
1962,2,7.2,2.4,2,103.6,64.2
1962,3,7.5,0.0,14,38.4,04.7
1962,4,2.8,3.2,4,72.4,97.1
1962,5,5.8,7.0,2,62.4,98.8
1962,6,8.3,8.5,0,53.2,92.8
1962,7,7.9,9.9,0,76.7,37.8
1962,8,7.2,10.1,0,136.5,42.0
1962,9,4.8,9.1,0,181.8,74.1
1962,10,3.3,8.2,0,60.5,83.3
1962,11,7.8,3.2,7,68.3,27.0
1962,12,5.9,0.5,12,114.0,34.4
1963,1,2.5,-2.7,22,18.1,46.9
1963,2,3.9,-2.9,22,13.2,70.5
1963,3,9.8,2.8,6,153.0,85.7
1963,4,1.6,4.8,1,61.5,10.6
1963,5,4.0,6.4,0,95.7,93.5
1963,6,8.5,10.8,0,62.0,72.9
1963,7,8.0,10.7,0,80.2,51.2
1963,8,7.1,10.7,0,86.5,88.1
1963,9,5.8,9.2,0,90.0,28.4
1963,10,3.2,7.5,0,127.1,76.8
1963,11,8.5,3.7,6,191.6,34.9
1963,12,5.8,1.3,12,50.9,25.8
1964,1,6.8,2.5,7,61.9,21.8
1964,2,7.2,2.3,5,30.4,59.7
1964,3,7.4,2.2,3,55.4,57.7
1964,4,2.1,5.4,0,77.3,01.3
1964,5,6.0,8.7,0,85.8,67.7
1964,6,7.5,9.6,0,68.0,63.5
1964,7,7.9,11.5,0,58.0,26.7
1964,8,7.6,10.9,0,146.3,21.9
1964,9,6.4,9.4,0,131.5,32.9
1964,10,1.8,5.7,0,67.4,74.0
1964,11,8.8,3.8,3,95.6,31.3
1964,12,6.0,1.2,7,154.3,34.8
1965,1,5.1,0.6,13,127.2,54.2
1965,2,6.7,0.4,11,24.0,61.7
1965,3,8.0,1.2,9,68.5,99.5
1965,4,2.0,4.3,1,74.8,45.9
1965,5,4.8,7.6,0,86.3,34.5
1965,6,7.9,10.4,0,102.6,60.2
1965,7,6.8,9.6,0,98.2,47.3
1965,8,7.5,10.0,0,107.7,36.6
1965,9,5.0,9.2,0,144.2,70.5
1965,10,2.2,7.1,0,126.2,53.3
1965,11,6.2,1.4,13,55.0,68.5
1965,12,5.7,1.3,7,138.9,47.1
1966,1,4.7,1.1,12,71.9,22.8
1966,2,5.7,1.6,8,131.2,24.5
1966,3,9.9,4.2,1,92.9,28.6
1966,4,8.3,3.1,5,79.6,05.1
1966,5,5.0,6.7,0,87.9,08.2
1966,6,7.4,11.2,0,111.7,82.0
1966,7,8.5,10.9,0,33.6,95.3
1966,8,7.6,10.1,0,104.8,44.7
1966,9,6.0,10.7,0,115.7,94.7
1966,10,2.0,5.6,1,82.6,81.7
1966,11,7.5,2.3,6,99.9,58.9
1966,12,6.2,2.1,6,174.5,32.1
1967,1,6.3,2.6,10,90.9,51.4
1967,2,7.5,3.1,4,132.3,64.7
1967,3,9.1,3.7,1,138.6,08.1
1967,4,1.9,4.3,1,47.4,56.0
1967,5,3.2,6.3,0,121.2,29.7
1967,6,8.4,9.7,0,38.3,19.0
1967,7,7.5,11.2,0,77.6,24.5
1967,8,8.4,11.3,0,69.1,47.8
1967,9,6.5,9.8,0,108.7,01.1
1967,10,1.9,6.7,0,256.9,11.8
1967,11,8.3,3.3,0,82.0,46.7
1967,12,7.1,2.6,11,59.0,64.6
1968,1,6.5,2.2,10,89.3,38.8
1968,2,4.2,-0.8,16,69.3,56.6
1968,3,9.3,3.0,1,126.4,03.9
1968,4,2.3,4.1,4,53.7,57.1
1968,5,3.3,5.5,0,123.8,37.0
1968,6,9.3,10.1,0,27.6,02.2
1968,7,8.2,11.0,0,82.4,98.7
1968,8,9.1,11.2,0,69.6,56.4
1968,9,6.0,9.6,0,140.4,87.4
1968,10,3.5,8.9,0,161.9,64.0
1968,11,7.9,3.1,7,92.8,33.3
1968,12,5.8,1.0,13,46.4,22.1
1969,1,6.8,2.8,4,103.0,25.0
1969,2,4.1,-1.1,15,41.5,55.8
1969,3,6.0,0.0,14,20.0,68.7
1969,4,1.8,3.1,2,39.5,50.7
1969,5,4.2,6.6,0,112.3,21.3
1969,6,8.6,9.6,0,70.9,99.7
1969,7,9.5,11.8,0,54.1,61.2
1969,8,0.1,12.3,0,57.6,69.6
1969,9,6.2,10.0,0,72.9,08.8
1969,10,4.9,9.7,0,61.8,71.2
1969,11,6.6,0.9,13,146.0,44.3
1969,12,5.7,1.0,11,102.5,26.4
1970,1,5.5,0.9,9,100.1,23.6
1970,2,5.7,-0.9,15,114.2,09.4
1970,3,8.5,1.2,9,48.4,35.1
1970,4,0.8,2.7,5,83.9,23.9
1970,5,5.5,8.2,0,37.8,10.9
1970,6,0.1,11.1,0,56.3,88.2
1970,7,7.1,10.2,0,69.3,08.5
1970,8,9.6,11.7,0,89.7,42.7
1970,9,5.8,9.8,0,129.2,80.0
1970,10,2.3,6.9,0,151.5,76.7
1970,11,8.6,4.0,1,166.3,37.6
1970,12,7.0,2.6,6,65.5,39.1
1971,1,6.6,2.6,8,100.1,22.7
1971,2,7.7,3.3,4,105.8,44.3
1971,3,9.3,2.5,6,39.9,78.2
1971,4,2.4,4.2,0,38.0,32.7
1971,5,5.4,7.4,0,48.9,98.1
1971,6,6.1,8.7,0,31.1,64.1
1971,7,9.8,11.6,0,94.1,94.8
1971,8,7.9,11.6,0,98.5,97.8
1971,9,7.8,10.2,0,24.7,25.5
1971,10,4.0,7.7,2,137.3,84.5
1971,11,9.1,3.7,6,78.6,48.2
1971,12,9.6,5.6,1,90.5,14.5
1972,1,6.1,2.3,5,105.9,25.2
1972,2,6.8,2.1,3,56.1,35.3
1972,3,9.2,2.7,1,47.5,80.3
1972,4,2.9,5.2,0,122.1,38.2
1972,5,4.6,7.4,0,122.2,13.1
1972,6,5.5,8.1,0,103.1,70.8
1972,7,9.7,11.5,0,45.9,75.9
1972,8,8.3,10.6,0,48.6,55.4
1972,9,6.5,7.8,0,11.4,40.8
1972,10,4.0,6.8,0,32.9,82.0
1972,11,8.4,2.6,8,134.3,55.7
1972,12,8.1,3.1,4,128.1,16.1
1973,1,6.6,3.0,4,111.3,14.9
1973,2,6.9,1.3,11,80.2,69.6
1973,3,0.3,3.4,4,53.2,10.8
1973,4,1.7,3.2,4,65.5,60.9
1973,5,4.2,6.6,0,77.4,28.9
1973,6,8.4,10.0,0,63.6,57.1
1973,7,0.0,11.8,0,66.7,59.5
1973,8,8.7,11.8,0,65.6,33.6
1973,9,6.5,9.8,0,68.5,07.1
1973,10,2.3,5.9,1,46.0,86.0
1973,11,8.2,2.7,7,119.1,57.9
1973,12,6.8,1.6,9,143.5,30.7
1974,1,8.3,3.7,1,218.8,24.7
1974,2,8.0,3.2,1,65.0,46.3
1974,3,8.3,2.7,3,50.5,72.3
1974,4,4.1,4.2,0,4.8,75.9
1974,5,5.3,7.5,0,51.0,75.0
1974,6,8.3,9.7,0,36.8,26.5
1974,7,7.2,11.1,0,68.9,56.9
1974,8,8.4,11.3,0,73.5,49.2
1974,9,4.3,8.4,1,120.0,08.5
1974,10,1.3,5.0,0,35.0,96.9
1974,11,8.4,3.4,4,148.4,44.6
1974,12,9.1,4.7,1,181.1,29.9
1975,1,8.1,2.9,4,232.8,14.1
1975,2,6.9,2.2,6,58.9,55.1
1975,3,8.6,1.7,4,37.1,12.9
1975,4,1.9,5.2,1,64.2,24.6
1975,5,5.0,5.5,0,18.4,50.6
1975,6,9.3,9.8,0,53.3,30.1
1975,7,9.8,12.6,0,52.7,59.3
1975,8,1.7,13.8,0,44.0,59.8
1975,9,5.3,8.5,0,190.7,08.3
1975,10,2.8,7.5,0,107.6,54.2
1975,11,8.9,3.1,5,121.4,53.2
1975,12,8.7,3.7,4,43.7,43.1
1976,1,7.9,3.1,3,131.7,39.1
1976,2,7.4,2.9,2,74.6,29.7
1976,3,7.9,1.8,6,118.0,78.7
1976,4,2.1,5.1,0,63.2,15.3
1976,5,4.3,7.7,0,126.9,29.5
1976,6,9.0,11.5,0,38.2,62.6
1976,7,1.7,13.4,0,42.3,01.0
1976,8,2.1,11.5,0,9.0,08.7
1976,9,6.0,10.1,0,74.8,98.9
1976,10,2.5,7.2,0,123.2,69.6
1976,11,8.6,3.2,6,123.6,50.6
1976,12,3.8,-0.7,14,81.3,51.3
1977,1,4.8,-0.2,15,81.4,52.4
1977,2,6.0,1.0,10,128.8,63.1
1977,3,9.5,3.6,3,122.9,69.2
1977,4,0.5,3.9,3,84.5,44.7
1977,5,5.4,6.2,0,50.0,09.7
1977,6,8.2,9.1,0,38.7,09.3
1977,7,1.1,12.1,0,48.3,06.7
1977,8,9.0,11.4,0,85.9,74.9
1977,9,5.3,9.3,0,160.2,98.1
1977,10,4.0,8.9,0,178.7,77.1
1977,11,7.4,2.5,6,156.1,57.9
1977,12,7.5,3.7,3,64.7,27.8
1978,1,5.3,0.2,14,121.4,46.2
1978,2,4.8,-0.9,15,77.5,73.5
1978,3,9.2,3.4,1,149.2,89.5
1978,4,9.8,3.7,3,31.1,86.7
1978,5,7.2,7.8,0,7.0,01.8
1978,6,8.3,9.8,0,84.7,85.3
1978,7,8.2,10.7,0,72.2,71.7
1978,8,7.6,11.7,0,106.4,87.7
1978,9,5.8,10.7,0,165.8,78.7
1978,10,4.1,9.2,0,47.0,83.4
1978,11,0.4,5.5,3,200.0,44.2
1978,12,5.4,1.5,8,99.6,15.9
1979,1,3.3,-2.6,24,96.7,44.9
1979,2,4.3,-1.2,16,14.9,72.6
1979,3,6.9,0.9,9,157.3,96.5
1979,4,0.7,3.8,2,64.8,23.6
1979,5,3.4,5.3,0,43.0,83.5
1979,6,7.9,10.4,0,77.1,75.1
1979,7,7.8,11.5,0,39.7,07.9
1979,8,7.8,10.4,0,134.2,47.4
1979,9,5.6,9.1,0,77.6,33.6
1979,10,3.2,7.7,0,150.0,56.0
1979,11,8.7,3.0,7,205.4,34.1
1979,12,6.7,2.1,9,177.4,38.3
1980,1,4.4,-0.1,12,69.8,31.5
1980,2,7.0,2.8,4,73.3,20.8
1980,3,7.3,1.7,8,74.4,80.3
1980,4,3.8,5.3,0,7.9,77.3
1980,5,7.6,6.8,0,22.0,50.7
1980,6,6.9,9.9,0,74.6,20.0
1980,7,7.8,10.6,0,112.3,13.9
1980,8,8.0,11.3,0,129.6,02.7
1980,9,6.3,10.8,0,129.0,75.9
1980,10,1.0,5.4,1,137.3,84.2
1980,11,8.8,3.8,6,142.9,45.0
1980,12,8.1,2.9,5,185.3,24.4
1981,1,7.3,1.8,12,89.2,35.1
1981,2,6.5,0.7,14,90.4,75.0
1981,3,9.6,3.2,3,150.2,75.5
1981,4,2.9,4.2,2,13.8,91.2
1981,5,5.5,7.5,0,125.9,24.4
1981,6,6.8,9.8,0,78.1,41.4
1981,7,8.1,11.5,0,82.6,44.6
1981,8,9.3,11.9,0,16.4,66.3
1981,9,6.8,10.1,0,246.8,07.1
1981,10,0.5,3.5,4,164.9,00.7
1981,11,0.1,4.6,0,148.0,43.7
1981,12,2.2,-3.5,21,30.2,29.7
1982,1,5.1,-0.3,10,118.0,30.8
1982,2,8.0,2.8,4,96.4,52.7
1982,3,9.7,2.3,2,153.2,13.5
1982,4,3.4,5.3,0,32.6,58.4
1982,5,5.9,6.5,1,81.9,97.2
1982,6,7.9,10.7,0,68.5,33.9
1982,7,1.3,12.4,0,15.7,89.2
1982,8,8.1,11.9,0,125.8,26.4
1982,9,5.8,9.6,0,160.9,04.6
1982,10,2.9,7.3,0,152.6,62.6
1982,11,9.3,3.9,4,183.5,33.4
1982,12,6.7,1.3,12,153.6,32.1
1983,1,8.3,3.3,1,205.4,24.8
1983,2,5.2,-0.4,15,47.5,60.5
1983,3,9.1,3.9,2,99.5,60.4
1983,4,0.5,2.9,4,37.4,20.5
1983,5,3.5,7.0,0,107.5,90.2
1983,6,7.1,9.7,0,57.6,47.7
1983,7,1.9,13.3,0,28.0,72.3
1983,8,1.4,12.6,0,34.1,73.8
1983,9,5.2,9.2,0,153.2,79.2
1983,10,2.3,6.8,2,236.2,58.3
1983,11,0.1,4.8,6,19.1,48.0
1983,12,8.8,3.6,3,148.1,28.4
1984,1,4.8,-0.3,12,192.7,31.5
1984,2,6.6,2.2,5,87.2,47.8
1984,3,8.2,2.8,3,53.0,60.0
1984,4,3.7,4.5,2,19.4,67.0
1984,5,6.8,6.8,0,17.4,19.4
1984,6,8.3,10.8,0,36.5,44.6
1984,7,2.1,12.2,0,12.4,19.2
1984,8,1.5,12.6,0,29.0,65.3
1984,9,5.4,9.4,0,129.7,85.0
1984,10,2.8,7.2,0,201.6,77.9
1984,11,9.3,4.9,3,191.5,35.7
1984,12,7.7,3.1,5,132.7,24.1
1985,1,3.8,-1.2,21,53.0,49.4
1985,2,6.2,0.2,11,31.3,69.3
1985,3,8.0,1.7,8,81.3,15.3
1985,4,1.9,4.7,0,61.5,20.9
1985,5,5.3,7.3,0,56.1,57.7
1985,6,6.6,8.9,0,69.5,66.3
1985,7,8.0,11.8,0,165.0,94.2
1985,8,6.8,10.7,0,185.7,10.7
1985,9,5.3,9.8,0,288.2,75.3
1985,10,3.3,7.4,0,54.8,89.6
1985,11,6.8,0.3,17,115.0,53.7
1985,12,7.5,3.1,6,178.2,25.8
1986,1,5.4,0.1,14,151.4,40.9
1986,2,3.1,-1.8,21,8.8,62.6
1986,3,8.7,2.2,5,163.2,16.3
1986,4,9.5,2.6,5,55.7,10.7
1986,5,3.8,7.4,0,165.6,42.7
1986,6,8.6,9.7,0,40.7,86.3
1986,7,8.0,11.3,0,87.6,10.9
1986,8,7.1,9.4,0,121.2,22.1
1986,9,5.3,7.6,0,30.9,47.6
1986,10,2.8,7.3,0,161.7,89.2
1986,11,0.1,4.6,4,205.1,50.8
1986,12,7.2,2.8,2,246.5,32.5
1987,1,4.0,-0.7,14,64.5,38.9
1987,2,7.1,0.4,11,81.3,65.8
1987,3,8.1,1.0,11,118.5,04.9
1987,4,3.1,5.6,0,54.9,16.3
1987,5,4.9,6.2,0,58.7,99.0
1987,6,6.3,8.7,0,117.4,26.1
1987,7,9.3,11.8,0,53.4,46.7
1987,8,8.5,10.7,0,106.0,43.8
1987,9,6.0,9.1,0,113.5,58.4
1987,10,1.3,4.7,4,150.9,84.8
1987,11,8.5,4.1,3,81.4,52.0
1987,12,7.6,2.1,10,119.7,24.7
1988,1,6.5,1.8,7,160.7,39.8
1988,2,7.6,2.1,1,111.9,77.2
1988,3,8.9,2.3,8,146.1,68.2
1988,4,2.1,4.3,1,68.1,12.5
1988,5,6.0,6.7,0,61.6,79.2
1988,6,0.0,10.5,0,12.6,03.8
1988,7,7.4,10.8,0,144.5,06.2
1988,8,8.2,11.0,0,138.4,26.6
1988,9,5.7,9.3,0,115.8,28.8
1988,10,2.4,6.3,3,143.9,76.5
1988,11,8.8,2.6,7,84.3,67.8
1988,12,9.7,5.4,0,95.6,26.0
1989,1,9.5,4.9,0,174.4,26.7
1989,2,8.1,2.3,6,170.7,64.9
1989,3,9.5,2.5,3,198.7,93.7
1989,4,0.7,3.1,5,52.5,39.4
1989,5,6.9,7.1,0,25.1,17.3
1989,6,8.3,9.1,0,76.4,79.0
1989,7,2.2,11.4,0,22.0,59.5
1989,8,8.1,11.3,0,133.9,31.0
1989,9,6.0,8.8,0,82.7,04.0
1989,10,3.6,7.7,0,130.6,78.8
1989,11,8.2,2.8,7,42.3,70.5
1989,12,4.8,-0.1,15,83.1,22.8
1990,1,8.1,3.6,0,252.0,33.3
1990,2,8.7,3.4,0,245.9,44.2
1990,3,0.6,4.9,2,181.0,74.8
1990,4,2.2,3.8,1,74.3,34.0
1990,5,7.2,7.8,0,61.7,96.5
1990,6,7.6,9.5,0,103.9,28.4
1990,7,0.0,11.5,0,52.5,15.2
1990,8,8.9,12.0,0,78.1,21.3
1990,9,5.7,8.3,0,65.0,29.2
1990,10,2.8,7.7,0,207.2,60.5
1990,11,8.4,2.5,10,59.0,81.8
1990,12,7.1,1.3,10,152.0,37.1
1991,1,5.4,0.5,11,149.4,37.5
1991,2,5.6,-0.3,15,63.4,67.4
1991,3,0.6,3.8,1,98.1,79.6
1991,4,2.0,4.7,1,129.0,44.7
1991,5,6.5,7.6,0,9.1,95.1
1991,6,6.4,8.0,0,96.2,65.6
1991,7,0.8,13.1,0,86.5,45.5
1991,8,9.6,12.6,0,48.8,31.0
1991,9,7.4,8.8,0,120.0,50.6
1991,10,2.1,6.4,0,102.5,64.8
1991,11,8.7,3.2,6,185.2,51.6
1991,12,7.8,2.2,6,136.4,19.2
1992,1,7.1,1.4,14,124.8,28.9
1992,2,8.3,2.8,4,173.7,51.0
1992,3,9.8,4.0,2,145.8,72.6
1992,4,1.4,4.7,0,73.5,71.9
1992,5,7.4,8.0,0,84.4,92.1
1992,6,9.7,11.3,0,29.1,71.3
1992,7,8.6,11.2,0,72.9,30.1
1992,8,7.5,10.6,0,171.5,40.9
1992,9,4.8,9.0,0,161.8,90.5
1992,10,0.4,2.9,4,78.5,02.7
1992,11,9.2,2.8,6,183.3,36.3
1992,12,6.2,1.1,11,94.8,18.1
1993,1,7.8,1.7,7,277.5,27.8
1993,2,8.8,3.4,4,21.0,36.9
1993,3,9.7,2.5,7,109.4,92.6
1993,4,2.5,4.5,1,118.6,97.8
1993,5,5.0,6.0,0,96.5,29.8
1993,6,8.0,10.3,0,42.6,99.5
1993,7,7.4,10.6,0,62.9,12.0
1993,8,8.0,9.1,0,61.8,59.7
1993,9,5.9,7.9,0,73.9,15.5
1993,10,0.7,4.1,6,72.3,95.3
1993,11,6.7,1.8,13,100.8,45.8
1993,12,5.8,1.1,9,217.7,29.9
1994,1,6.6,1.7,7,193.7,32.5
1994,2,5.1,0.5,9,79.4,47.5
1994,3,8.9,3.2,0,217.9,88.1
1994,4,1.8,4.0,0,91.1,31.0
1994,5,5.2,6.1,0,12.7,86.4
1994,6,6.6,9.3,0,89.8,50.8
1994,7,0.0,12.1,0,68.7,45.0
1994,8,8.3,10.9,0,124.2,58.8
1994,9,5.3,8.4,0,55.2,15.1
1994,10,2.2,6.2,0,71.7,69.5
1994,11,1.4,7.4,0,141.7,39.2
1994,12,7.9,3.0,6,277.8,24.7
1995,1,6.6,0.8,12,181.5,55.7
1995,2,7.6,2.4,5,182.7,69.4
1995,3,8.1,1.7,8,104.2,00.3
1995,4,3.1,5.3,1,36.4,45.3
1995,5,5.9,6.8,0,63.1,70.4
1995,6,0.1,9.5,0,26.2,59.9
1995,7,0.9,12.4,0,106.0,83.4
1995,8,2.7,13.0,0,22.1,34.2
1995,9,6.7,9.5,0,128.3,11.6
1995,10,4.6,8.9,0,279.5,79.6
1995,11,9.9,4.7,2,70.2,56.7
1995,12,4.0,-1.1,14,41.0,49.2
1996,1,6.8,3.8,3,66.9,13.4
1996,2,6.4,0.4,14,88.7,97.6
1996,3,7.8,2.1,4,60.0,74.8
1996,4,2.0,5.1,2,83.0,99.4
1996,5,3.4,5.6,0,50.1,71.2
1996,6,8.4,9.9,0,34.2,36.1
1996,7,9.2,11.3,0,59.0,51.7
1996,8,0.2,12.5,0,41.9,42.6
1996,9,7.6,10.1,0,49.8,58.5
1996,10,3.8,8.2,0,194.4,78.0
1996,11,7.8,2.3,8,148.6,84.7
1996,12,5.8,1.3,11,82.2,38.4
1997,1,6.0,1.3,12,39.1,24.9
1997,2,9.0,2.8,3,250.2,60.2
1997,3,1.0,4.6,1,83.8,98.5
1997,4,3.5,6.0,0,48.3,16.0
1997,5,5.6,7.0,1,73.0,91.8
1997,6,8.2,10.1,0,66.7,49.8
1997,7,0.3,12.4,0,48.3,44.9
1997,8,1.5,13.6,0,31.3,47.8
1997,9,6.3,9.2,0,114.3,47.4
1997,10,2.7,6.2,3,79.9,10.6
1997,11,0.6,5.9,0,74.9,36.5
1997,12,8.0,3.4,5,146.5,25.1
1998,1,7.6,2.5,7,133.9,41.2
1998,2,0.0,6.3,1,158.2,44.6
1998,3,0.4,4.5,4,82.2,61.5
1998,4,1.3,3.8,4,88.7,21.6
1998,5,6.2,8.1,0,51.1,55.0
1998,6,7.0,9.6,0,89.2,48.6
1998,7,8.1,11.4,0,123.4,35.9
1998,8,8.2,11.2,0,106.5,27.5
1998,9,6.9,10.6,0,74.0,06.5
1998,10,1.8,6.2,2,239.8,06.5
1998,11,9.1,3.4,3,157.5,61.4
1998,12,8.7,3.1,5,121.3,35.4
1999,1,6.9,2.7,4,199.1,41.2
1999,2,7.6,2.2,7,101.5,87.6
1999,3,0.1,3.5,5,107.2,17.0
1999,4,3.3,5.6,3,66.5,23.7
1999,5,6.0,8.4,0,80.9,59.5
1999,6,7.5,9.0,0,97.1,57.7
1999,7,0.2,12.3,0,71.4,67.8
1999,8,9.1,11.3,0,45.4,53.4
1999,9,7.8,11.5,0,143.7,18.7
1999,10,3.1,7.6,0,59.6,82.1
1999,11,0.0,4.5,0,184.2,61.9
1999,12,6.4,0.9,9,297.1,40.1
2000,1,8.2,2.7,7,155.0,67.2
2000,2,8.4,2.8,3,151.1,62.1
2000,3,0.8,4.6,2,82.5,87.2
2000,4,1.8,3.8,2,55.0,24.1
2000,5,7.3,7.5,0,33.8,44.7
2000,6,7.8,9.7,0,58.9,45.8
2000,7,0.5,11.3,0,43.2,89.6
2000,8,0.1,12.1,0,105.7,43.3
2000,9,7.2,10.7,0,161.3,90.1
2000,10,2.6,6.9,0,176.1,91.4
2000,11,9.0,3.9,1,112.5,67.6
2000,12,7.4,2.7,8,178.0,33.4
2001,1,5.6,0.6,13,67.5,49.2
2001,2,7.2,1.2,7,81.8,88.1
2001,3,8.3,1.2,12,60.0,50.0
2001,4,1.9,4.0,0,55.4,35.9
2001,5,8.5,8.1,0,20.9,42.1
2001,6,7.3,9.5,0,49.5,34.7
2001,7,9.3,12.0,0,92.5,09.6
2001,8,9.3,11.6,0,79.5,45.9
2001,9,6.3,9.8,0,63.8,08.3
2001,10,5.1,10.2,0,141.7,75.3
2001,11,0.9,5.2,2,78.4,39.7
2001,12,6.8,0.6,14,52.2,68.6
2002,1,8.7,3.3,7,168.9,32.9
2002,2,8.9,3.1,4,210.0,56.4
2002,3,0.9,3.5,4,105.8,26.4
2002,4,3.3,5.8,0,68.8,26.0
2002,5,6.0,7.8,0,95.0,56.8
2002,6,7.3,10.8,0,111.2,21.2
2002,7,8.4,11.5,0,76.4,94.7
2002,8,0.5,12.4,0,100.8,43.6
2002,9,7.4,9.8,0,56.0,25.6
2002,10,1.5,5.3,2,175.9,77.0
2002,11,0.2,5.4,0,132.4,38.3
2002,12,6.7,2.5,6,44.3,37.7
2003,1,6.9,1.0,14,107.1,51.0
2003,2,7.4,0.7,11,46.4,96.0
2003,3,2.0,2.8,6,59.1,63.0
2003,4,5.0,5.8,0,45.2,86.1
2003,5,5.2,7.8,0,112.3,40.5
2003,6,9.4,11.1,0,72.3,68.4
2003,7,1.0,13.2,0,45.6,49.5
2003,8,1.1,12.5,0,23.9,90.5
2003,9,7.3,9.6,0,69.7,23.8
2003,10,2.1,4.9,0,23.8,23.3
2003,11,1.1,5.9,0,132.9,63.2
2003,12,7.9,1.7,10,132.9,44.0
2004,1,7.9,2.8,10,154.4,37.5
2004,2,8.4,1.9,11,72.0,95.4
2004,3,0.6,3.2,5,71.9,17.6
2004,4,3.8,6.1,0,87.7,16.6
2004,5,7.2,8.1,0,39.7,90.5
2004,6,8.4,10.9,0,99.0,16.0
2004,7,9.4,11.4,0,41.6,47.5
2004,8,0.6,13.0,0,202.6,37.0
2004,9,6.8,10.5,0,130.1,17.8
2004,10,2.3,6.5,0,182.6,83.5
2004,11,0.9,5.4,4,63.2,50.5
2004,12,9.4,3.5,5,155.4,39.6
2005,1,9.4,3.1,5,204.4,54.9
2005,2,7.9,2.5,4,76.5,90.7
2005,3,1.1,4.2,5,77.6,01.2
2005,4,2.9,5.2,0,98.5,48.1
2005,5,5.3,6.7,0,105.4,97.3
2005,6,9.1,11.4,0,65.9,24.8
2005,7,0.1,12.3,0,26.6,52.6
2005,8,9.6,11.6,0,64.7,62.0
2005,9,7.0,10.9,0,103.9,13.6
2005,10,4.4,9.0,0,175.2,50.6
2005,11,9.6,3.4,6,84.0,64.7
2005,12,8.2,2.6,9,68.1,33.4
2006,1,7.6,2.2,7,94.6,29.4
2006,2,8.1,2.1,9,54.2,76.3
2006,3,8.1,2.2,9,126.0,79.4
2006,4,2.3,4.3,2,69.3,66.8
2006,5,6.2,7.3,0,109.3,93.4
2006,6,9.7,10.9,0,48.9,72.5
2006,7,2.7,13.7,0,55.9,10.2
2006,8,9.4,12.0,0,72.3,62.8
2006,9,8.3,12.0,0,119.4,06.0
2006,10,5.1,8.4,0,121.5,84.1
2006,11,0.6,5.5,0,269.7,57.0
2006,12,9.1,4.4,2,298.9,34.9
2007,1,9.6,4.1,3,216.5,44.0
2007,2,8.8,3.3,6,122.8,72.1
2007,3,0.5,4.0,1,114.0,26.3
2007,4,5.6,7.1,0,31.0,88.0
2007,5,5.4,8.0,0,80.6,71.5
2007,6,8.2,11.4,0,94.6,97.3
2007,7,8.8,11.5,0,76.3,67.4
2007,8,8.2,11.9,0,108.0,44.9
2007,9,6.0,9.7,0,59.6,12.8
2007,10,4.2,7.9,0,70.1,04.7
2007,11,0.5,5.4,4,99.5,53.7
2007,12,7.8,2.3,7,142.1,24.2
2008,1,8.0,3.0,3,259.9,17.3
2008,2,9.0,2.7,7,133.8,75.4
2008,3,9.1,2.5,4,145.0,17.5
2008,4,2.5,4.5,1,55.0,42.7
2008,5,7.5,8.8,0,21.2,93.0
2008,6,7.6,9.5,0,90.8,76.6
2008,7,9.5,12.3,0,115.7,32.0
2008,8,8.2,12.0,0,151.0,91.5
2008,9,5.7,9.3,0,101.1,73.5
2008,10,1.8,4.9,1,221.5,03.6
2008,11,8.9,2.9,5,79.1,58.7
2008,12,6.5,0.8,15,119.3,47.6
2009,1,6.8,1.5,6,137.4,37.6
2009,2,7.4,2.3,9,23.3,47.6
2009,3,0.2,3.6,1,97.6,20.5
2009,4,3.8,6.2,0,55.4,28.0
2009,5,5.8,7.7,0,106.9,02.1
2009,6,9.4,10.9,0,37.9,19.4
2009,7,0.0,12.7,0,120.5,88.5
2009,8,8.5,12.5,0,173.4,29.6
2009,9,6.6,10.9,0,69.1,06.6
2009,10,3.8,7.9,0,99.8,95.3
2009,11,9.5,4.5,3,250.7,56.5
2009,12,4.6,-0.9,17,65.1,24.0
2010,1,4.1,-0.8,15,52.1,51.6
2010,2,5.2,-0.9,16,76.7,65.3
2010,3,9.6,2.5,7,75.2,02.3
2010,4,3.6,5.2,1,80.9,51.4
2010,5,5.7,6.8,0,17.2,95.6
2010,6,0.2,11.2,0,29.7,93.5
2010,7,8.5,12.6,0,131.7,13.0
2010,8,8.5,11.0,0,71.3,70.4
2010,9,7.0,10.3,0,132.8,36.2
2010,10,2.9,7.0,1,121.8,00.3
2010,11,7.1,1.9,10,112.8,58.6
2010,12,1.6,-4.4,25,45.0,41.7
2011,1,5.9,1.0,11,101.7,51.6
2011,2,8.3,2.4,4,166.8,51.5
2011,3,9.5,2.3,3,81.3,77.0
2011,4,5.7,6.4,1,53.9,92.6
2011,5,5.0,7.5,0,145.7,74.9
2011,6,6.8,9.0,0,87.7,63.7
2011,7,0.3,10.5,0,80.4,54.4
2011,8,7.9,10.8,0,126.1,19.2
2011,9,6.8,10.4,0,153.0,17.7
2011,10,3.6,8.5,0,188.3,52.3
2011,11,1.8,5.9,3,180.1,53.2
2011,12,7.6,2.0,7,234.3,31.7
2012,1,7.3,2.1,10,140.4,49.9
2012,2,8.2,3.1,7,62.9,49.1
2012,3,2.8,5.0,1,43.8,45.5
2012,4,1.5,3.2,4,59.4,37.7
2012,5,6.1,6.5,1,62.5,27.5
2012,6,6.6,9.5,0,132.4,22.0
2012,7,8.1,11.2,0,124.4,28.9
2012,8,9.7,11.8,0,129.1,77.4
2012,9,5.3,8.9,0,111.3,30.5
2012,10,1.4,4.3,2,131.0,06.5
2012,11,8.8,3.1,4,135.3,73.1
2012,12,6.5,1.2,11,184.0,46.3
2013,1,6.4,2.0,8,132.5,35.1
2013,2,7.2,0.4,13,60.9,96.9
2013,3,6.1,0.1,15,32.4,92.8
2013,4,0.9,3.2,5,81.7,82.1
2013,5,4.8,6.4,1,94.4,76.5
2013,6,8.3,9.6,0,35.4,97.5
2013,7,2.4,13.1,0,74.5,55.0
2013,8,9.5,11.9,0,52.0,38.1
2013,9,6.3,9.6,0,78.0,07.9
2013,10,3.8,8.5,0,195.7,66.9
2013,11,8.6,1.8,11,85.9,72.4
2013,12,9.0,4.0,1,235.9,27.1
2014,1,7.2,2.7,2,166.8,22.2
2014,2,7.8,3.1,0,179.7,40.0
2014,3,0.3,4.0,2,121.0,08.2
2014,4,3.7,6.2,1,76.1,47.4
2014,5,5.8,8.2,0,87.2,23.6
2014,6,9.4,11.0,0,50.9,90.2
2014,7,1.4,12.0,0,49.4,39.9
2014,8,8.2,10.5,0,94.4,86.7
2014,9,8.4,10.6,0,15.1,36.2
2014,10,3.9,7.5,0,162.1,77.3
2014,11,0.6,4.9,1,79.2,57.8
2014,12,7.4,1.7,9,175.7,45.9
2015,1,6.6,1.1,10,215.6,57.1
2015,2,7.5,1.3,8,106.2,77.5
2015,3,9.6,2.6,5,145.4,04.6
2015,4,3.3,3.1,3,56.4,43.7
2015,5,3.4,5.9,2,140.6,97.5
2015,6,7.0,8.8,0,71.2,63.7
2015,7,8.2,10.5,0,137.0,74.0
2015,8,8.7,10.9,0,82.7,61.4
2015,9,6.8,8.0,0,29.0,84.2
2015,10,3.9,6.3,0,65.8,98.2
2015,11,0.3,5.0,3,278.4,28.0
2015,12,9.8,4.2,3,274.9,20.1
2016,1,6.9,2.4,8,191.6,26.0
2016,2,7.3,0.8,13,173.0,80.8
2016,3,0.1,2.9,4,72.4,26.9
2016,4,1.5,3.4,3,79.8,73.6
2016,5,6.8,7.4,0,72.7,51.1
2016,6,9.1,10.7,0,57.0,47.4
2016,7,8.7,11.7,0,95.7,31.1
2016,8,9.3,11.5,0,74.5,44.5
2016,9,7.6,11.3,0,135.2,97.5
2016,10,3.6,6.7,0,36.4,06.3
2016,11,8.0,1.1,13,79.5,78.6
2016,12,9.6,4.1,5,96.0,18.8
2017,1,7.6,1.7,14,70.5,47.5
2017,2,8.2,3.0,3,129.7,34.4
2017,3,1.1,3.8,6,101.6,11.7
2017,4,2.5,5.1,2,23.0,41.3
2017,5,7.8,8.1,0,51.5,53.1
2017,6,7.7,11.2,0,119.9,09.0
2017,7,8.8,11.4,0,76.4,49.8
2017,8,8.2,11.1,0,104.6,34.0
2017,9,6.1,9.6,0,105.4,99.9
2017,10,4.0,8.2,1,149.4,60.6
2017,11,8.4,2.4,6,91.4,73.0
2017,12,7.0,1.2,13,105.6,54.8
2018,1,6.0,1.2,10,175.1,39.7
2018,2,6.4,0.1,12,67.6,94.5
2018,3,7.2,1.3,10,70.4,87.4
2018,4,2.0,5.2,1,70.1,16.0
2018,5,7.7,7.8,0,27.6,32.8
2018,6,0.9,10.5,0,59.0,52.4
2018,7,1.6,12.7,0,60.0,18.8
2018,8,8.1,11.5,0,81.7,10.6
2018,9,5.5,8.9,0,100.6,14.9
2018,10,3.0,6.2,2,104.9,94.1
2018,11,0.1,4.7,2,148.1,46.6
2018,12,8.0,2.8,8,98.2,31.8
2019,1,6.8,1.8,13,50.3,57.0
2019,2,0.3,3.5,6,73.7,74.3
2019,3,0.2,4.6,1,146.7,95.7
2019,4,4.3,5.6,1,35.3,69.4
2019,5,5.6,6.9,0,58.5,91.0
2019,6,8.7,10.9,0,58.1,54.0
2019,7,1.1,13.8,0,97.0,59.6
2019,8,0.2,13.4,0,204.5,48.3
2019,9,7.2,10.3,0,113.4,29.4
2019,10,2.2,6.1,4,129.9,06.4
2019,11,7.8,2.7,12,70.0,59.1
2019,12,8.1,3.7,4,172.2,29.6
2020,1,8.8,4.2,3,145.6,20.5
2020,2,7.8,2.7,1,300.0,60.1
2020,3,9.8,3.3,2,97.3,02.3
2020,4,4.6,5.2,0,19.3,08.5
2020,5,7.3,7.5,1,52.3,44.4
2020,6,9.6,11.7,0,114.0,38.2
2020,7,8.2,11.6,0,129.9,15.1
2020,8,9.7,12.6,0,131.4,34.1
2020,9,6.8,9.5,0,103.0,21.7
2020,10,3.0,7.1,0,166.4,76.6
2020,11,0.7,6.0,0,146.1,29.3
2020,12,7.0,2.5,8,133.8,31.6
2021,1,4.8,-0.3,15,107.9,61.8
2021,2,7.0,2.3,9,123.8,58.7
2021,3,0.7,4.6,0,107.8,89.9
2021,4,2.6,2.3,4,12.9,49.2
2021,5,4.8,6.1,0,67.5,42.0
2021,6,9.7,11.2,0,31.5,80.0
2021,7,2.8,13.6,0,37.6,97.4
2021,8,0.3,12.4,0,79.2,46.8
2021,9,8.6,11.9,0,100.4,89.1
2021,10,3.9,8.7,0,181.6,67.8
2021,11,0.6,4.9,4,72.4,72.1
2021,12,7.4,3.1,3,89.1,14.7
2022,1,8.6,4.2,5,88.9,44.5
2022,2,8.8,3.4,2,229.0,61.5
2022,3,2.4,3.0,7,39.6,77.2
2022,4,3.9,5.0,2,47.6,69.0
2022,5,6.3,9.6,0,83.7,22.6
2022,6,8.9,11.1,0,59.4,61.3
2022,7,0.8,13.0,0,48.6,71.2
2022,8,0.8,12.4,0,73.0,81.6
2022,9,8.1,10.5,0,104.4,50.9
2022,10,4.1,9.5,0,192.8,62.6
2022,11,1.2,6.5,0,131.8,53.4
2022,12,6.1,0.8,11,130.6,45.9
